<step title="Incoming Request" date="2015-09-27T23:38:45.069" instance="194999" url="/synctodo.git/info/refs?service=git-receive-pack" method="GET" type="request" pid="5932,2,9" Connection="Keep-Alive" Pragma="no-cache" Accept="*/*" Accept-Encoding="gzip" Host="synctodo.scm.azurewebsites.net" User-Agent="git/1.9.1" X-SITE-DEPLOYMENT-ID="synctodo" >
  <step title="InfoRefsService.Execute" date="2015-09-27T23:38:45.116" >
    <step title="Assuming git repository at D:\home\site\repository" date="2015-09-27T23:38:45.131" /><!-- duration: 0ms -->
    <step title="InfoRefsService.SmartInfoRefs" date="2015-09-27T23:38:45.147" >
      <step title="Assuming git repository at D:\home\site\repository" date="2015-09-27T23:38:45.147" /><!-- duration: 0ms -->
      <step title="GitExeServer.AdvertiseReceivePack" date="2015-09-27T23:38:45.163" >
        <step title="Executing external process" date="2015-09-27T23:38:45.163" type="process" path="git.exe" arguments="receive-pack --stateless-rpc --advertise-refs &quot;D:\home\site\repository&quot;" /><!-- duration: 78ms -->
      </step><!-- duration: 78ms -->
      <step title="Writing 185 bytes" date="2015-09-27T23:38:45.241" /><!-- duration: 0ms -->
    </step><!-- duration: 109ms -->
  </step><!-- duration: 141ms -->
  <step title="Outgoing response" date="2015-09-27T23:38:45.256" type="response" statusCode="200" statusText="OK" Server="Microsoft-IIS/8.0" x-ms-request-id="7bde00f5-71de-4fa2-8130-d9a992b78578" Pragma="no-cache" Cache-Control="must-revalidate, no-cache, max-age=0" Expires="Tue, 01 Jan 1980 00:00:00 GMT" Content-Length="185" X-AspNet-Version="4.0.30319" Content-Type="application/x-git-receive-pack-advertisement" /><!-- duration: 0ms -->
</step><!-- duration: 203ms -->
