<step title="Incoming Request" date="2015-09-27T23:31:36.190" instance="194999" url="/synctodo.git/git-receive-pack" method="POST" type="request" pid="5932,2,6" Connection="Keep-Alive" Transfer-Encoding="chunked" Content-Type="application/x-git-receive-pack-request" Accept="application/x-git-receive-pack-result" Accept-Encoding="gzip" Host="synctodo.scm.azurewebsites.net" User-Agent="git/1.9.1" X-SITE-DEPLOYMENT-ID="synctodo" >
  <step title="RpcService.ReceivePack" date="2015-09-27T23:31:36.853" >
    <step title="Assuming git repository at D:\home\site\repository" date="2015-09-27T23:31:36.856" /><!-- duration: 0ms -->
    <step title="Assuming git repository at D:\home\site\repository" date="2015-09-27T23:31:36.872" /><!-- duration: 0ms -->
    <step title="Creating temporary deployment" date="2015-09-27T23:31:36.903" /><!-- duration: 47ms -->
    <step title="GitExeServer.Receive" date="2015-09-27T23:31:36.951" >
      <step title="Executing external process" date="2015-09-27T23:31:36.951" type="process" path="git.exe" arguments="receive-pack --stateless-rpc &quot;D:\home\site\repository&quot;" /><!-- duration: 91696ms -->
    </step><!-- duration: 91696ms -->
  </step><!-- duration: 91827ms -->
  <step title="Outgoing response" date="2015-09-27T23:33:08.680" type="response" statusCode="200" statusText="OK" Server="Microsoft-IIS/8.0" Expires="Fri, 01 Jan 1980 00:00:00 GMT" Pragma="no-cache" Cache-Control="no-cache, max-age=0, must-revalidate" X-AspNet-Version="4.0.30319" Content-Type="application/x-git-receive-pack-result" /><!-- duration: 0ms -->
</step><!-- duration: 92490ms -->
