<step title="Incoming Request" date="2015-09-27T23:31:33.720" instance="194999" url="/synctodo.git/git-receive-pack" method="POST" type="request" pid="5932,2,5" Connection="Keep-Alive" Content-Length="4" Content-Type="application/x-git-receive-pack-request" Accept="application/x-git-receive-pack-result" Host="synctodo.scm.azurewebsites.net" User-Agent="git/1.9.1" X-SITE-DEPLOYMENT-ID="synctodo" >
  <step title="RpcService.ReceivePack" date="2015-09-27T23:31:33.736" >
    <step title="Assuming git repository at D:\home\site\repository" date="2015-09-27T23:31:33.736" /><!-- duration: 16ms -->
    <step title="Assuming git repository at D:\home\site\repository" date="2015-09-27T23:31:33.751" /><!-- duration: 16ms -->
    <step title="Creating temporary deployment" date="2015-09-27T23:31:33.798" /><!-- duration: 47ms -->
    <step title="GitExeServer.Receive" date="2015-09-27T23:31:33.861" >
      <step title="Executing external process" date="2015-09-27T23:31:34.759" type="process" path="git.exe" arguments="receive-pack --stateless-rpc &quot;D:\home\site\repository&quot;" /><!-- duration: 1021ms -->
    </step><!-- duration: 1920ms -->
  </step><!-- duration: 2109ms -->
  <step title="Outgoing response" date="2015-09-27T23:31:35.844" type="response" statusCode="200" statusText="OK" Server="Microsoft-IIS/8.0" Expires="Fri, 01 Jan 1980 00:00:00 GMT" Pragma="no-cache" Cache-Control="no-cache, max-age=0, must-revalidate" X-AspNet-Version="4.0.30319" Content-Type="application/x-git-receive-pack-result" /><!-- duration: 0ms -->
</step><!-- duration: 2124ms -->
