<step title="Incoming Request" date="2015-09-27T23:38:46.394" instance="194999" url="/synctodo.git/git-receive-pack" method="POST" type="request" pid="5932,2,14" Connection="Keep-Alive" Content-Length="494" Content-Type="application/x-git-receive-pack-request" Accept="application/x-git-receive-pack-result" Accept-Encoding="gzip" Host="synctodo.scm.azurewebsites.net" User-Agent="git/1.9.1" X-SITE-DEPLOYMENT-ID="synctodo" >
  <step title="RpcService.ReceivePack" date="2015-09-27T23:38:46.401" >
    <step title="Assuming git repository at D:\home\site\repository" date="2015-09-27T23:38:46.416" /><!-- duration: 0ms -->
    <step title="Assuming git repository at D:\home\site\repository" date="2015-09-27T23:38:46.432" /><!-- duration: 0ms -->
    <step title="Creating temporary deployment" date="2015-09-27T23:38:46.479" /><!-- duration: 141ms -->
    <step title="GitExeServer.Receive" date="2015-09-27T23:38:46.620" >
      <step title="Executing external process" date="2015-09-27T23:38:46.620" type="process" path="git.exe" arguments="receive-pack --stateless-rpc &quot;D:\home\site\repository&quot;" /><!-- duration: 11958ms -->
    </step><!-- duration: 11989ms -->
  </step><!-- duration: 12257ms -->
  <step title="Outgoing response" date="2015-09-27T23:38:58.657" type="response" statusCode="200" statusText="OK" Server="Microsoft-IIS/8.0" Expires="Fri, 01 Jan 1980 00:00:00 GMT" Pragma="no-cache" Cache-Control="no-cache, max-age=0, must-revalidate" X-AspNet-Version="4.0.30319" Content-Type="application/x-git-receive-pack-result" /><!-- duration: 0ms -->
</step><!-- duration: 12264ms -->
