﻿<?xml version="1.0" encoding="utf-8"?>
<deployment>
  <id>75f435b3609857e159c34ad5ad806189ec5b431d</id>
  <author>Justin Kalweit</author>
  <deployer>jkalweit</deployer>
  <authorEmail>kalweit@alumni.duke.edu</authorEmail>
  <message>Added IISNode.yml for azure configuration
</message>
  <progress></progress>
  <status>Success</status>
  <statusText></statusText>
  <lastSuccessEndTime>2015-09-27T23:38:58.0422934Z</lastSuccessEndTime>
  <receivedTime>2015-09-27T23:38:47.5696269Z</receivedTime>
  <startTime>2015-09-27T23:38:49.2344337Z</startTime>
  <endTime>2015-09-27T23:38:58.0422934Z</endTime>
  <complete>True</complete>
  <is_temp>False</is_temp>
  <is_readonly>False</is_readonly>
</deployment>